City_ID,City,Lat,Lng,Max Temp,Humidity,Cloudiness,Wind Speed,Country,Date
0,keta,5.9179,0.9879,28.29,77,83,5.61,GH,1680381138
1,mahibadhoo,3.7833,72.9667,27.7,76,14,3.92,MV,1680381139
2,qaqortoq,60.7167,-46.0333,-3.87,84,59,1.78,GL,1680381139
3,salalah,17.0151,54.0924,28.05,83,75,4.12,OM,1680381139
4,butaritari,3.0707,172.7902,27.45,75,100,5.67,KI,1680380907
5,bethel,41.3712,-73.414,22.58,57,0,6.17,US,1680381140
6,saint-philippe,-21.3585,55.7679,25.77,83,44,5.28,RE,1680381140
7,kemijarvi,66.7131,27.4306,-6.55,89,34,4.17,FI,1680381140
8,mataura,-46.1927,168.8643,13.04,98,100,2.56,NZ,1680381140
9,bogande,12.9714,-0.1436,32.12,8,100,3.16,BF,1680380908
10,hilo,19.7297,-155.09,28.49,79,75,2.68,US,1680380909
11,qaanaaq,77.484,-69.3632,-23.32,74,7,1.5,GL,1680380909
12,eureka,40.8021,-124.1637,11.48,94,100,1.34,US,1680381075
13,houston,29.7633,-95.3633,32.42,24,0,5.66,US,1680380983
14,busselton,-33.65,115.3333,14.18,90,2,3.35,AU,1680381141
15,flin flon,54.7682,-101.865,-1.09,47,40,4.63,CA,1680380910
16,palmer,42.1584,-72.3287,19.52,75,40,3.6,US,1680380946
17,camacha,33.0833,-16.3333,16.68,82,20,4.63,PT,1680380710
18,ribeira grande,38.5167,-28.7,18.22,88,75,7.15,PT,1680381142
19,kruisfontein,-34.0033,24.7314,15.11,73,1,2.32,ZA,1680381142
20,puerto ayora,-0.7393,-90.3518,30.98,87,89,2.68,EC,1680381143
21,esperance,-33.8667,121.9,17.89,84,100,5.75,AU,1680381143
22,ushuaia,-54.8,-68.3,8.81,57,0,8.23,AR,1680380630
23,alice springs,-23.7,133.8833,15.75,100,100,0.0,AU,1680381059
24,shelburne,44.0787,-80.2041,1.61,97,58,8.31,CA,1680380883
25,okha,53.5739,142.9478,-2.82,92,26,3.59,RU,1680381144
26,iwanai,42.9744,140.5089,3.07,89,65,1.33,JP,1680381144
27,oktyabrskoye,43.0645,44.7417,0.08,93,100,3.0,RU,1680381144
28,charlestown,-32.95,151.6667,15.06,93,35,1.8,AU,1680381145
29,port elizabeth,-33.918,25.5701,20.16,92,20,3.6,ZA,1680381110
30,cidreira,-30.1811,-50.2056,21.73,61,89,6.23,BR,1680380756
31,rikitea,-23.1203,-134.9692,26.74,81,41,6.69,PF,1680380625
32,new norfolk,-42.7826,147.0587,12.18,86,100,0.45,AU,1680381146
33,kouango,4.9934,19.9619,26.04,58,48,1.74,CF,1680381146
34,gueugnon,46.6036,4.0629,8.88,90,99,3.38,FR,1680381146
35,torbay,47.6666,-52.7314,4.86,52,40,7.72,CA,1680381026
36,kiama,-34.6833,150.8667,15.77,92,97,1.34,AU,1680381147
37,tasiilaq,65.6145,-37.6368,-0.91,85,100,1.41,GL,1680381147
38,chokurdakh,70.6333,147.9167,-32.86,100,98,3.11,RU,1680381147
39,alyangula,-13.8483,136.4192,27.03,75,77,1.49,AU,1680380898
40,moron,-34.6534,-58.6198,23.3,63,12,3.28,AR,1680381148
41,oistins,13.0667,-59.5333,27.05,69,20,9.77,BB,1680381148
42,price,39.5994,-110.8107,11.73,37,40,4.63,US,1680381148
43,odweyne,9.4092,45.064,25.24,57,94,1.64,SO,1680381149
44,yetkul,54.8221,61.588,-0.87,82,31,3.84,RU,1680381149
45,namibe,-15.1961,12.1522,24.33,82,98,2.77,AO,1680381149
46,tuktoyaktuk,69.4541,-133.0374,-22.0,71,0,6.17,CA,1680380627
47,alekseyevsk,57.8406,108.3492,-21.21,100,41,0.41,RU,1680380923
48,cape town,-33.9258,18.4232,18.84,82,0,6.17,ZA,1680380924
49,severo-kurilsk,50.6789,156.125,-0.04,94,28,7.0,RU,1680380750
50,vagur,61.4732,-6.8119,6.36,93,100,5.77,FO,1680380925
51,wakkanai,45.4094,141.6739,0.49,85,8,4.65,JP,1680381151
52,byron bay,-28.65,153.6167,15.95,91,19,4.19,AU,1680381151
53,tadine,-21.55,167.8833,26.7,77,6,3.51,NC,1680381152
54,avera,33.194,-82.5271,26.42,48,98,7.55,US,1680381152
55,victoria,22.2855,114.1577,22.03,90,100,4.02,HK,1680381125
56,ust-ilimsk,58.0006,102.6619,-19.41,100,52,0.71,RU,1680381152
57,lorengau,-2.0226,147.2712,26.93,79,99,1.65,PG,1680381153
58,pringsewu,-5.3582,104.9744,22.07,92,85,1.41,ID,1680381153
59,klaksvik,62.2266,-6.589,6.51,95,99,8.28,FO,1680381153
60,port alfred,-33.5906,26.891,19.54,90,37,0.45,ZA,1680381153
61,mehamn,71.0357,27.8492,-3.03,74,100,11.83,NO,1680381154
62,luanda,-8.8368,13.2343,27.0,83,20,2.06,AO,1680380951
63,srednekolymsk,67.45,153.6833,-25.62,99,100,2.9,RU,1680380931
64,quatre cocos,-20.2078,57.7625,26.16,76,9,3.54,MU,1680381154
65,thompson,55.7435,-97.8558,-7.91,35,40,0.0,CA,1680381155
66,ancud,-41.8697,-73.8203,13.48,80,74,2.87,CL,1680381155
67,bendigo,-36.7667,144.2833,6.03,54,10,2.02,AU,1680381156
68,parrita,9.5201,-84.3225,34.59,56,13,2.95,CR,1680381156
69,norman wells,65.282,-126.8329,-10.98,67,100,1.03,CA,1680380932
70,puerto salgar,5.463,-74.6544,32.61,56,28,0.52,CO,1680381158
71,mar del plata,-38.0023,-57.5575,19.01,57,0,5.14,AR,1680381158
72,cherskiy,68.75,161.3,-29.71,100,100,1.95,RU,1680381158
73,jamestown,42.097,-79.2353,8.8,66,100,13.89,US,1680380752
74,narsaq,60.9167,-46.05,1.12,80,75,1.92,GL,1680381159
75,albany,42.6001,-73.9662,22.42,33,0,0.45,US,1680380433
76,east london,-33.0153,27.9116,21.28,84,80,5.17,ZA,1680381159
77,faanui,-16.4833,-151.75,27.9,72,0,3.25,PF,1680381160
78,pisco,-13.7,-76.2167,27.03,69,0,8.23,PE,1680381160
79,hasaki,35.7333,140.8333,13.45,56,62,6.44,JP,1680381161
80,ko samui,9.5357,99.9357,28.05,73,12,4.83,TH,1680380952
81,avarua,-21.2078,-159.775,26.03,89,75,3.09,CK,1680381161
82,ust-kuyga,70.0167,135.6,-33.96,100,99,3.32,RU,1680381161
83,hermanus,-34.4187,19.2345,17.11,83,0,3.96,ZA,1680380630
84,port hedland,-20.3167,118.5667,26.03,83,22,3.09,AU,1680381161
85,punta arenas,-53.15,-70.9167,11.06,62,40,8.23,CL,1680380626
86,yaan,7.3833,8.5667,31.53,42,100,4.43,NG,1680381162
87,beinamar,8.6698,15.3813,30.8,28,10,1.77,TD,1680381162
88,beringovskiy,63.05,179.3167,-9.06,67,79,9.91,RU,1680381162
89,inuvik,68.3499,-133.7218,-14.52,53,20,2.57,CA,1680381163
90,vestmannaeyjar,63.4427,-20.2734,5.55,63,100,10.22,IS,1680381163
91,ndioum,16.5129,-14.6471,34.47,6,0,4.06,SN,1680381163
92,biltine,14.5333,20.9167,27.5,11,55,5.33,TD,1680381163
93,bredasdorp,-34.5322,20.0403,16.32,95,0,2.22,ZA,1680381164
94,isangel,-19.55,169.2667,27.51,78,1,2.09,VU,1680381164
95,kaitangata,-46.2817,169.8464,12.74,95,68,3.4,NZ,1680380937
96,castro,-24.7911,-50.0119,21.12,77,49,0.9,BR,1680381164
97,kodiak,57.79,-152.4072,2.73,41,0,13.89,US,1680381164
98,ponta do sol,32.6667,-17.1,22.62,67,1,3.01,PT,1680381164
99,locharbriggs,55.1034,-3.5844,7.2,83,100,1.96,GB,1680381165
100,fare,-16.7,-151.0167,28.04,74,13,4.32,PF,1680381165
101,ust-nera,64.5667,143.2,-13.39,97,100,1.98,RU,1680381165
102,bonga,7.2833,36.2333,16.14,97,99,1.75,ET,1680381165
103,zhigansk,66.7697,123.3711,-24.97,100,93,5.06,RU,1680381165
104,georgetown,5.4112,100.3354,27.96,89,20,1.03,MY,1680380939
105,mahebourg,-20.4081,57.7,26.25,78,20,2.06,MU,1680380627
106,tena,-0.9833,-77.8167,25.89,81,79,1.51,EC,1680381166
107,flinders,-34.5833,150.8552,15.66,89,96,1.79,AU,1680381166
108,bluff,-46.6,168.3333,13.22,74,100,7.06,NZ,1680381166
109,peruibe,-24.32,-46.9983,23.38,91,95,3.48,BR,1680381167
110,saint anthony,45.0205,-93.218,3.03,63,0,2.57,US,1680381023
111,severodvinsk,64.5635,39.8302,-8.94,97,89,1.91,RU,1680381167
112,kapaa,22.0752,-159.319,23.18,91,100,3.09,US,1680381167
113,jyvaskyla,62.2415,25.7209,-4.81,84,0,3.6,FI,1680381168
114,hobart,-42.8794,147.3294,12.37,80,75,4.12,AU,1680380940
115,sur,22.5667,59.5289,26.68,62,5,4.32,OM,1680380940
116,geraldton,-28.7667,114.6,18.23,94,64,0.0,AU,1680381168
117,pevek,69.7008,170.3133,-23.74,94,100,4.79,RU,1680381168
118,ndele,8.4109,20.6473,27.55,16,83,2.11,CF,1680381168
119,hobyo,5.3505,48.5268,28.6,75,84,6.15,SO,1680381169
120,yar-sale,66.8333,70.8333,1.04,99,100,8.24,RU,1680381169
121,ereymentau,51.6199,73.1033,-3.11,47,0,6.25,KZ,1680381169
122,guerrero negro,27.9769,-114.0611,15.98,70,0,8.42,MX,1680381051
123,prado,-17.3411,-39.2208,26.53,79,0,5.24,BR,1680381170
124,anloga,5.7947,0.8973,28.09,80,94,5.71,GH,1680381170
125,sisimiut,66.9395,-53.6735,-11.83,72,16,4.84,GL,1680381170
126,yellowknife,62.456,-114.3525,-11.71,61,100,9.77,CA,1680381170
127,arraial do cabo,-22.9661,-42.0278,26.98,83,40,6.17,BR,1680381132
128,beyneu,45.3167,55.2,13.28,41,100,3.09,KZ,1680381170
129,margate,51.3813,1.3862,8.83,88,100,3.58,GB,1680381069
130,sinnamary,5.3833,-52.95,26.2,76,89,5.22,GF,1680381170
131,evensk,61.95,159.2333,-5.85,94,100,2.92,RU,1680381171
132,abha,18.2164,42.5053,15.9,82,40,4.12,SA,1680381133
133,sambava,-14.2667,50.1667,25.08,86,96,2.75,MG,1680381171
134,baijiantan,45.6333,85.1833,-0.76,27,0,5.55,CN,1680381171
135,worland,44.0169,-107.9554,11.6,44,0,8.75,US,1680381172
136,vaitape,-16.5167,-151.75,27.91,72,0,3.33,PF,1680381172
137,te anau,-45.4167,167.7167,11.25,94,88,0.37,NZ,1680381172
138,benicarlo,40.4165,0.4271,9.76,57,30,15.86,ES,1680381172
139,taitung,22.7583,121.1444,21.99,85,69,3.06,TW,1680381172
140,pec,42.6591,20.2883,6.79,88,57,1.67,XK,1680381173
141,dingle,10.9995,122.6711,24.14,88,100,2.34,PH,1680381173
142,walvis bay,-22.9575,14.5053,15.53,82,14,2.57,NA,1680381173
143,vestmanna,62.1564,-7.1664,5.51,100,100,5.14,FO,1680381174
144,vaini,-21.2,-175.2,27.09,83,20,4.12,TO,1680381174
145,upernavik,72.7868,-56.1549,-26.87,96,39,4.97,GL,1680380952
146,lakselv,70.0513,24.9718,-3.1,74,100,6.17,NO,1680381174
147,olga,43.7444,135.2892,-1.78,89,3,1.56,RU,1680381129
148,lagoa,39.05,-27.9833,15.78,89,100,10.52,PT,1680381050
149,port blair,11.6667,92.75,25.02,88,40,1.03,IN,1680381175
150,beloha,-25.1667,45.05,22.74,84,100,4.16,MG,1680381175
151,fortuna,40.5982,-124.1573,11.07,92,100,0.89,US,1680381052
152,cap malheureux,-19.9842,57.6142,26.37,74,5,0.89,MU,1680381175
153,areia branca,-4.9561,-37.1369,30.11,69,92,4.34,BR,1680381175
154,simao,22.7886,100.9748,15.55,56,1,0.71,CN,1680381176
155,dunedin,-45.8742,170.5036,12.87,84,30,5.48,NZ,1680380914
156,bengkulu,-3.8004,102.2655,23.25,89,98,1.73,ID,1680381176
157,sangar,63.9242,127.4739,-24.83,94,5,4.51,RU,1680381176
158,male,4.1748,73.5089,27.97,83,40,2.06,MV,1680381177
159,finnsnes,69.2296,17.9811,-6.66,79,91,0.64,NO,1680381177
160,lima,-12.0432,-77.0282,26.14,69,40,5.14,PE,1680381030
161,santa rosa,14.3122,121.1114,26.99,82,99,0.61,PH,1680381177
162,kampot,10.6167,104.1833,24.03,77,100,1.0,KH,1680381177
163,takoradi,4.8845,-1.7554,27.16,82,19,3.56,GH,1680380957
164,mamit,23.9333,92.4833,14.29,96,22,1.38,IN,1680381178
165,mareeba,-17.0,145.4333,21.91,93,76,0.65,AU,1680381178
166,vao,-22.6667,167.4833,25.66,82,31,5.0,NC,1680380958
167,pizarro,4.9533,-77.366,27.86,75,49,2.0,CO,1680381178
168,coihaique,-45.5752,-72.0662,14.34,51,40,6.69,CL,1680381178
169,khatanga,71.9667,102.5,-6.95,92,100,9.27,RU,1680381178
170,atuona,-9.8,-139.0333,26.84,78,19,6.75,PF,1680380628
171,barrow,71.2906,-156.7887,-16.99,92,100,2.57,US,1680380633
172,karachi,24.9056,67.0822,23.9,78,20,2.57,PK,1680380898
173,yuncheng,35.0231,110.9928,14.02,81,1,2.79,CN,1680381179
174,carnarvon,-24.8667,113.6333,23.84,77,74,5.57,AU,1680381179
175,innisfail,-17.5333,146.0333,22.32,93,69,1.28,AU,1680381038
176,starobaltachevo,56.0013,55.9213,3.0,92,100,2.73,RU,1680381182
177,qarqin,37.4185,66.0436,21.58,41,100,3.14,AF,1680381183
178,biak,-0.9131,122.8766,24.59,75,100,0.78,ID,1680380960
179,hithadhoo,-0.6,73.0833,27.76,71,97,2.39,MV,1680381183
180,banda aceh,5.5577,95.3222,26.26,80,94,2.48,ID,1680381184
181,bure,10.7,37.0667,18.97,28,98,3.03,ET,1680381184
182,matamoros,25.5333,-103.25,30.06,31,75,3.6,MX,1680381184
183,xucheng,20.35,110.1288,22.67,94,7,4.83,CN,1680380945
184,the valley,18.217,-63.0578,27.92,69,20,8.23,AI,1680381185
185,ferme-neuve,46.7001,-75.4493,0.79,98,100,2.88,CA,1680381186
186,baoqing,46.3317,132.2111,4.1,62,99,3.18,CN,1680381186
187,troitskoye,52.9821,84.6757,-10.58,86,11,3.07,RU,1680381186
188,khashuri,41.9941,43.5999,1.4,84,79,2.26,GE,1680381186
189,spassk-ryazanskiy,54.4072,40.3806,3.81,97,100,4.62,RU,1680381187
190,poso,-1.3959,120.7524,24.64,81,100,1.69,ID,1680381187
191,chuy,-33.6971,-53.4616,20.22,55,15,4.74,UY,1680380752
192,lasa,46.6166,10.7002,7.49,90,100,1.93,IT,1680381188
193,tanhacu,-14.0214,-41.2481,28.5,32,32,1.34,BR,1680381189
194,meulaboh,4.1363,96.1285,24.82,88,100,2.09,ID,1680381189
195,bristol,41.8334,-71.1662,16.75,88,100,5.81,US,1680380921
196,maceio,-9.6658,-35.7353,28.69,74,0,4.63,BR,1680381190
197,sao filipe,14.8961,-24.4956,26.62,54,0,2.24,CV,1680381190
198,odessa,46.4775,30.7326,7.87,91,100,7.24,UA,1680380993
199,penzance,50.1186,-5.5371,10.38,85,69,9.96,GB,1680381190
200,westport,41.1415,-73.3579,22.57,73,0,8.75,US,1680381191
201,bud,39.447,-86.1758,5.51,85,100,8.65,US,1680381191
202,bollnas,61.3482,16.3946,-3.23,94,89,1.4,SE,1680381191
203,loikaw,19.6742,97.2094,19.98,59,4,1.59,MM,1680381191
204,yuci,37.6803,112.7319,12.86,62,62,6.0,CN,1680381192
205,faya,18.3851,42.4509,16.06,83,87,2.85,SA,1680381192
206,huarmey,-10.0681,-78.1522,25.85,78,100,3.42,PE,1680381193
207,maragogi,-9.0122,-35.2225,25.89,80,81,3.19,BR,1680381193
208,hambantota,6.1241,81.1185,25.51,84,48,1.07,LK,1680381193
209,xining,36.6167,101.7667,2.81,80,100,2.51,CN,1680381193
210,vysokovsk,56.3167,36.55,3.13,98,100,2.61,RU,1680381194
211,itoman,26.1247,127.6694,21.01,78,75,11.32,JP,1680381194
212,chitipa,-9.7024,33.2697,16.08,98,99,0.55,MW,1680381195
213,dikson,73.5069,80.5464,-11.95,98,100,3.38,RU,1680380745
214,muros,42.7762,-9.0603,11.02,76,2,3.87,ES,1680381196
215,adrar,20.5022,-10.0711,27.37,7,0,4.03,MR,1680381196
216,asau,46.4333,26.4,7.51,92,100,1.35,RO,1680381196
217,matara,5.9485,80.5353,25.04,87,63,0.91,LK,1680381197
218,mopipi,-21.1833,24.8833,25.23,40,2,3.83,BW,1680381197
219,jiaonan,35.8786,119.9753,9.22,44,0,1.58,CN,1680381197
220,sitka,57.0531,-135.33,4.94,70,40,1.54,US,1680381198
221,khasan,42.4308,130.6434,2.81,94,11,2.95,RU,1680381198
222,mount gambier,-37.8333,140.7667,7.96,88,18,0.59,AU,1680380627
223,whitehorse,60.7161,-135.0538,1.72,72,100,4.12,CA,1680381198
224,eaton socon,52.2175,-0.2893,7.91,89,100,5.93,GB,1680381199
225,birao,10.2849,22.7882,24.92,14,21,2.56,CF,1680381199
226,hit,33.6416,42.8251,14.63,35,1,2.91,IQ,1680381200
227,nouadhibou,20.931,-17.0347,30.99,22,0,8.75,MR,1680381200
228,mildura,-34.2,142.15,9.5,70,0,3.8,AU,1680381200
229,nikolskoye,59.7035,30.7861,0.94,97,100,2.29,RU,1680381201
230,nexo,55.0607,15.1306,2.05,79,7,11.48,DK,1680381201
231,sindor,62.8629,51.8905,0.42,97,100,3.34,RU,1680381202
232,balkhash,46.844,74.9804,-3.3,43,0,10.6,KZ,1680381202
233,waitara,-38.925,174.25,19.01,87,3,2.71,NZ,1680381202
234,necochea,-38.5473,-58.7368,18.25,46,94,3.58,AR,1680381202
235,prince rupert,54.3161,-130.3201,3.05,93,75,8.23,CA,1680381016
236,emerald,-23.5333,148.1667,21.14,72,89,3.97,AU,1680381203
237,kalmunai,7.4167,81.8167,24.81,88,14,2.58,LK,1680381203
238,pontes e lacerda,-15.2261,-59.3353,26.84,85,11,1.72,BR,1680381203
239,brownsville,25.9018,-97.4975,30.05,69,75,4.63,US,1680381204
240,hamilton,39.1834,-84.5333,7.14,64,100,11.32,US,1680380790
241,aripuana,-9.1667,-60.6333,25.33,93,100,0.6,BR,1680381044
242,baykit,61.67,96.37,-22.53,100,87,0.59,RU,1680381204
243,beirut,33.8889,35.4944,15.41,59,20,2.06,LB,1680381091
244,longyearbyen,78.2186,15.6401,-12.09,72,75,4.63,SJ,1680381037
245,tiarei,-17.5333,-149.3333,31.01,77,6,5.08,PF,1680381206
246,pangody,65.85,74.4859,0.45,98,100,8.01,RU,1680381206
247,tiksi,71.6872,128.8694,-17.55,80,95,11.22,RU,1680381207
248,saint-pierre,-21.3393,55.4781,25.82,83,20,2.06,RE,1680381207
249,truth or consequences,33.1284,-107.2528,22.73,10,0,7.72,US,1680381207
250,lebu,-37.6167,-73.65,16.26,83,99,4.43,CL,1680381207
251,jaciara,-15.9653,-54.9683,28.01,71,57,0.99,BR,1680381208
252,havelian,34.0536,73.1657,12.12,79,9,1.97,PK,1680381208
253,caceres,39.522,-6.3748,13.95,86,69,4.15,ES,1680381208
254,amuntai,-2.4177,115.2494,23.02,97,100,0.37,ID,1680381208
255,safford,32.834,-109.7076,24.3,11,0,4.12,US,1680381208
256,port lincoln,-34.7333,135.8667,14.74,61,80,3.75,AU,1680381024
257,cururupu,-1.8283,-44.8683,22.74,99,100,0.85,BR,1680381209
258,sept-iles,50.2001,-66.3821,-0.53,92,100,6.17,CA,1680380980
259,barra do garcas,-15.89,-52.2567,31.32,55,20,2.57,BR,1680381209
260,laguna,38.421,-121.4238,18.36,54,0,4.12,US,1680380848
261,atar,20.5169,-13.0499,30.87,6,0,3.69,MR,1680381209
262,haapiti,-17.5667,-149.8667,30.85,76,10,5.22,PF,1680381209
263,praia da vitoria,38.7333,-27.0667,18.14,88,40,8.45,PT,1680381210
264,hovd,48.0056,91.6419,-13.28,47,100,2.86,MN,1680381210
265,kuala lipis,4.1842,102.0468,22.67,94,93,0.28,MY,1680381210
266,yingcheng,30.95,113.55,16.02,75,0,3.56,CN,1680381210
267,coronado,32.6859,-117.1831,22.65,64,0,6.17,US,1680381017
268,strezhevoy,60.7333,77.5889,-1.72,79,100,6.44,RU,1680381129
269,iqaluit,63.7506,-68.5145,-12.15,72,20,2.57,CA,1680381211
270,ilulissat,69.2167,-51.1,-11.99,72,20,3.6,GL,1680381211
271,mount isa,-20.7333,139.5,22.87,38,92,2.57,AU,1680381211
272,bonavista,48.6499,-53.1147,0.57,81,62,2.12,CA,1680381211
273,vanimo,-2.6741,141.3028,24.77,88,34,1.92,PG,1680381211
274,corinto,37.9407,22.9573,16.61,80,94,2.73,GR,1680381211
275,yumen,40.2833,97.2,-1.64,30,27,6.76,CN,1680381212
276,saint-augustin,51.226,-58.6502,-0.3,73,58,5.42,CA,1680381212
277,dong hoi,17.4833,106.6,23.77,93,1,2.46,VN,1680381212
278,husavik,66.0449,-17.3389,0.87,78,2,6.79,IS,1680381212
279,jumla,29.2747,82.1838,2.7,92,77,1.39,NP,1680381212
280,mayor pablo lagerenza,-19.9309,-60.7718,32.36,45,87,2.79,PY,1680381212
281,roswell,34.0232,-84.3616,27.27,22,0,12.86,US,1680380825
282,harnosand,62.6323,17.9379,-5.0,83,7,4.1,SE,1680381213
283,bom sucesso,-21.0331,-44.7581,20.71,82,89,0.9,BR,1680381213
284,launceston,-41.45,147.1667,6.2,90,83,2.57,AU,1680381025
285,la roda,39.2167,-2.15,16.85,53,41,10.36,ES,1680381213
286,vilhena,-12.7406,-60.1458,31.12,48,40,2.57,BR,1680381213
287,oriximina,-1.7656,-55.8661,27.05,81,94,0.2,BR,1680381214
288,praia,14.9215,-23.5087,29.3,26,0,6.69,CV,1680380820
289,clyde river,70.4692,-68.5914,-21.87,77,20,5.14,CA,1680381214
290,kurilsk,45.2333,147.8833,-1.45,84,20,4.3,RU,1680381214
291,hede,33.7681,120.2517,8.58,69,0,2.48,CN,1680381214
292,san quintin,30.4833,-115.95,16.81,63,0,6.91,MX,1680381214
293,pangnirtung,66.1451,-65.7125,-14.33,89,69,1.3,CA,1680381214
294,kolokani,13.5728,-8.0339,29.11,7,72,3.57,ML,1680381215
295,mpanda,-6.3655,31.0409,18.39,97,96,0.3,TZ,1680381215
296,moerai,-22.4333,-151.3333,26.17,78,16,6.78,PF,1680381215
297,airai,-8.9266,125.4092,15.23,95,100,0.95,TL,1680381215
298,saint george,37.1041,-113.5841,18.57,28,0,3.09,US,1680381215
299,sampit,-2.5333,112.95,23.09,99,99,0.88,ID,1680381215
300,tshikapa,-6.4167,20.8,21.01,95,100,1.06,CD,1680381216
301,korla,41.7597,86.1469,5.88,20,0,2.5,CN,1680381216
302,samarai,-10.6167,150.6667,27.77,76,100,3.45,PG,1680381216
303,balsas,-7.5325,-46.0356,25.66,66,99,1.43,BR,1680381216
304,santa fe,-31.6333,-60.7,26.08,41,0,1.79,AR,1680380792
305,nelson bay,-32.7167,152.15,15.56,96,63,4.92,AU,1680381216
306,touros,-5.1989,-35.4608,26.63,78,100,5.36,BR,1680381217
307,hualmay,-11.0964,-77.6139,25.41,78,100,4.12,PE,1680381217
308,doha,25.2867,51.5333,19.99,52,0,10.8,QA,1680381217
309,dwarka,22.2394,68.9678,24.44,74,3,5.02,IN,1680381217
310,ouallam,14.3188,2.0866,30.22,9,72,4.44,NE,1680381217
311,caldwell,43.6629,-116.6874,7.77,78,100,9.26,US,1680380975
312,san cristobal,7.7669,-72.225,19.1,92,100,1.65,VE,1680381006
313,berlevag,70.8578,29.0864,-3.03,74,100,11.83,NO,1680381218
314,abonnema,4.7084,6.7931,27.16,85,97,2.46,NG,1680381218
315,khabary,53.6259,79.5345,-8.99,86,28,2.31,RU,1680381218
316,daru,-9.0763,143.2092,26.11,85,49,1.63,PG,1680381218
317,provideniya,64.3833,-173.3,-7.02,90,98,3.96,RU,1680381218
318,morgan city,29.6994,-91.2068,28.89,51,100,2.69,US,1680381032
319,padang,-0.9492,100.3543,24.25,86,100,1.49,ID,1680381219
320,ulaangom,49.9811,92.0667,-12.99,60,79,2.9,MN,1680381219
321,nanortalik,60.1432,-45.2371,-2.49,82,15,1.75,GL,1680381219
322,parabel,58.6978,81.4825,-4.01,83,100,5.82,RU,1680381219
323,kavaratti,10.5669,72.642,27.33,68,6,3.12,IN,1680381220
324,tarko-sale,64.9225,77.785,0.47,98,100,10.25,RU,1680381129
325,lavrentiya,65.5833,-171.0,-3.36,92,100,3.22,RU,1680381220
326,manicore,-5.8092,-61.3003,23.76,96,100,0.81,BR,1680381220
327,tortoli,39.9256,9.6572,14.9,33,0,10.29,IT,1680381220
328,decatur,39.8403,-88.9548,5.92,75,100,8.23,US,1680381220
329,leningradskiy,69.3833,178.4167,-16.07,92,100,12.51,RU,1680380952
330,ledegem,50.8738,3.1513,8.38,87,100,6.01,BE,1680381221
331,bereda,43.2686,-7.5406,3.97,90,9,0.89,ES,1680381221
332,yenagoa,4.9247,6.2642,25.18,88,90,2.22,NG,1680381221
333,abu zabad,12.35,29.25,23.85,10,87,5.05,SD,1680381221
334,caranavi,-15.8167,-67.55,23.18,80,91,1.23,BO,1680381221
335,aswan,24.0934,32.907,21.61,19,0,2.06,EG,1680381221
336,baculin,7.4525,126.5842,24.73,87,99,2.47,PH,1680381222
337,sao felix do xingu,-6.6447,-51.995,25.8,87,73,0.9,BR,1680381222
338,bukan,36.521,46.2089,-0.46,74,4,2.51,IR,1680381222
339,namatanai,-3.6667,152.4333,25.95,78,100,1.38,PG,1680381222
340,purpe,64.4803,76.6897,1.1,89,100,10.96,RU,1680381222
341,katherine,-14.4667,132.2667,23.18,78,21,2.06,AU,1680381222
342,kununurra,-15.7667,128.7333,24.99,88,5,2.57,AU,1680381020
343,susuman,62.7833,148.1667,-9.93,94,100,0.81,RU,1680381223
344,honningsvag,70.9821,25.9704,-2.14,69,100,8.75,NO,1680381223
345,celestun,20.8667,-90.4,29.69,62,30,6.75,MX,1680381223
346,lekoni,-1.5843,14.2591,25.46,69,49,1.43,GA,1680381223
347,antalaha,-14.9003,50.2788,24.25,87,64,2.23,MG,1680381223
348,sabang,5.8933,95.3214,27.58,75,96,3.02,ID,1680381224
349,opuwo,-18.0607,13.84,23.08,39,95,1.93,NA,1680381224
350,traverse city,44.7631,-85.6206,1.58,75,100,7.72,US,1680381050
351,goundam,16.4145,-3.6708,28.27,6,0,4.75,ML,1680381224
352,kalakamati,-20.5929,27.3121,19.75,61,11,3.17,BW,1680381224
353,humen,22.819,113.6731,24.68,87,100,2.85,CN,1680381224
354,pinega,64.7001,43.3936,-12.76,97,99,1.62,RU,1680381224
355,iquitos,-3.7481,-73.2472,26.02,83,75,1.54,PE,1680381225
356,sao raimundo nonato,-9.0153,-42.6994,31.75,35,100,1.43,BR,1680380726
357,maniitsoq,65.4167,-52.9,-5.97,54,72,2.84,GL,1680381225
358,hami,42.8,93.45,0.67,23,100,5.97,CN,1680381225
359,kloulklubed,7.0419,134.2556,28.35,73,85,1.73,PW,1680381226
360,san patricio,28.017,-97.5169,31.2,52,98,5.83,US,1680381117
361,booue,-0.0921,11.9385,23.27,95,46,0.84,GA,1680381226
362,nantucket,41.2835,-70.0995,12.08,98,100,11.32,US,1680381226
363,cabimas,10.3883,-71.4399,28.87,64,95,4.31,VE,1680380723
364,aden,12.7794,45.0367,28.03,79,5,2.56,YE,1680381185
365,ushtobe,45.2514,77.9838,-4.23,35,0,11.71,KZ,1680381227
366,wolomin,52.3401,21.2421,8.91,91,100,4.87,PL,1680381227
367,kurchum,48.5722,83.6542,-5.71,40,0,6.47,KZ,1680381227
368,manzanillo,20.3433,-77.1167,30.08,48,0,7.98,CU,1680381228
369,fairbanks,64.8378,-147.7164,-3.84,56,40,1.54,US,1680381074
370,victor harbor,-35.5667,138.6167,8.16,75,31,3.02,AU,1680381228
371,conceicao do araguaia,-8.2578,-49.2647,25.13,89,72,2.21,BR,1680381229
372,jinja,0.439,33.2032,19.16,88,76,2.96,UG,1680381229
373,krasnyy oktyabr,56.1167,38.8833,3.12,98,100,3.15,RU,1680381229
374,panji,-7.7253,114.0995,23.32,90,100,1.66,ID,1680381229
375,barsovo,61.1667,73.1667,2.07,73,100,8.4,RU,1680381230
376,paita,-5.0892,-81.1144,28.34,68,90,5.45,PE,1680381230
377,pacific grove,36.6177,-121.9166,17.91,61,0,3.6,US,1680381159
378,jiuquan,39.7432,98.5174,0.73,39,100,3.84,CN,1680381230
379,cabo san lucas,22.8909,-109.9124,29.78,52,40,3.09,MX,1680381230
380,sainte-agathe-des-monts,46.0501,-74.2825,8.16,93,81,1.34,CA,1680381230
381,bambous virieux,-20.3428,57.7575,26.23,78,20,2.06,MU,1680381231
382,honiara,-9.4333,159.95,26.59,83,96,0.5,SB,1680381231
383,grindavik,63.8424,-22.4338,4.26,87,75,12.86,IS,1680381231
384,kalikino,52.9493,39.8269,5.42,98,100,3.47,RU,1680381231
385,samfya,-11.3649,29.5565,17.9,94,99,1.94,ZM,1680381232
386,tura,25.5198,90.2201,17.09,93,97,0.68,IN,1680381232
387,kavieng,-2.5744,150.7967,27.0,80,100,1.56,PG,1680381232
388,mayumba,-3.432,10.6554,25.05,85,100,2.02,GA,1680381232
389,mizdah,31.4451,12.9801,21.12,17,6,1.08,LY,1680381233
390,port-gentil,-0.7193,8.7815,25.98,94,20,1.03,GA,1680381233
391,sola,-13.8833,167.55,28.18,71,94,4.26,VU,1680381233
392,viedma,-40.8135,-62.9967,23.65,22,86,6.78,AR,1680381233
393,neepawa,50.2289,-99.4664,3.22,92,41,4.87,CA,1680381233
394,guanica,17.9716,-66.908,30.54,71,27,7.83,PR,1680381234
395,stancuta,44.9,27.8333,11.36,80,97,2.19,RO,1680381234
396,cradock,-32.1642,25.6192,17.22,51,1,1.56,ZA,1680381234
397,middelkerke,51.1558,2.8418,8.38,92,75,8.23,BE,1680381234
398,batalha,-9.6778,-37.1247,28.48,53,100,6.95,BR,1680381234
399,north bend,43.4065,-124.2243,11.25,71,100,8.23,US,1680381234
400,lagunillas,10.1301,-71.2595,29.48,61,67,2.17,VE,1680381235
401,pemangkat,1.1667,108.9667,25.34,83,81,1.92,ID,1680381235
402,stornoway,58.2093,-6.3865,7.98,94,100,8.23,GB,1680380999
403,khor,47.8861,134.9464,3.71,53,96,2.5,RU,1680381235
404,kamina,-8.7386,24.9906,16.41,95,82,0.6,CD,1680381235
405,gutierrez,4.2547,-74.0025,16.07,89,87,2.14,CO,1680381235
406,itarema,-2.9248,-39.9167,25.88,81,100,3.0,BR,1680381236
407,shenzhen,22.5455,114.0683,22.69,94,100,2.71,CN,1680381210
408,constitucion,-35.3333,-72.4167,15.72,84,37,11.21,CL,1680381057
409,port-cartier,50.0334,-66.8654,-0.7,98,100,7.61,CA,1680381089
410,inhambane,-23.865,35.3833,22.91,86,4,2.53,MZ,1680381236
411,kirakira,-10.4544,161.9205,27.26,81,84,1.89,SB,1680381237
412,saint-francois,46.4154,3.9054,7.69,85,75,4.63,FR,1680381237
413,jambi,-1.6,103.6167,22.61,99,100,1.01,ID,1680381004
414,gallup,35.5281,-108.7426,15.91,14,0,2.57,US,1680381237
415,niamey,13.5137,2.1098,35.16,6,49,3.6,NE,1680381237
416,iki-burul,45.8208,44.6472,7.4,56,100,2.93,RU,1680381237
417,winnemucca,40.973,-117.7357,12.03,37,75,9.77,US,1680381158
418,san juan tecuaco,14.0822,-90.2611,31.8,41,37,5.03,GT,1680381238
419,conceicao da barra,-18.5933,-39.7322,26.39,79,23,4.83,BR,1680381158
420,coquimbo,-29.9533,-71.3436,19.85,72,0,5.66,CL,1680381196
421,kerman,30.2832,57.0788,14.92,20,0,9.77,IR,1680381238
422,sibolga,1.7427,98.7792,23.8,93,100,1.85,ID,1680381238
423,gladstone,-23.85,151.25,19.96,94,100,2.06,AU,1680381238
424,lokbatan,40.3237,49.728,5.99,85,100,3.17,AZ,1680381238
425,rocha,-34.4833,-54.3333,18.16,58,8,3.28,UY,1680381078
426,izumo,35.3667,132.7667,11.97,82,100,5.17,JP,1680381182
427,malatya,38.5,38.0,2.03,75,40,1.54,TR,1680381239
428,verkhnetulomskiy,68.6073,31.7962,-2.93,89,97,4.1,RU,1680381239
429,kemin,42.7846,75.6892,6.11,37,0,2.89,KG,1680381239
430,kisangani,0.5167,25.2,21.36,87,93,1.2,CD,1680381239
431,khanpur,28.6453,70.6567,25.51,43,88,4.41,PK,1680381239
432,vila franca do campo,37.7167,-25.4333,18.23,90,100,7.18,PT,1680381239
433,borogontsy,62.6683,131.1683,-21.6,92,12,3.32,RU,1680381240
434,naze,28.3667,129.4833,16.51,84,13,12.37,JP,1680381240
435,antofagasta,-23.65,-70.4,22.6,80,77,2.66,CL,1680381004
436,lompoc,34.6391,-120.4579,22.61,63,0,8.94,US,1680381182
437,villanueva,15.3167,-88.0,31.69,48,20,1.54,HN,1680381240
438,nuuk,64.1835,-51.7216,-2.66,59,75,6.17,GL,1680381240
439,souillac,-20.5167,57.5167,26.21,78,20,2.06,MU,1680381174
440,palaiomonastiron,39.4625,21.6586,12.11,80,67,2.81,GR,1680381241
441,progreso,21.2833,-89.6667,35.06,68,20,8.55,MX,1680381241
442,imbituba,-28.24,-48.6703,21.21,58,0,8.4,BR,1680381241
443,vila velha,-20.3297,-40.2925,27.97,78,20,1.03,BR,1680381241
444,marienburg,54.0359,19.0266,3.8,97,100,6.21,PL,1680381241
445,ulety,51.3572,112.4849,-5.77,56,100,3.09,RU,1680381242
446,alto araguaia,-17.3147,-53.2153,24.51,77,57,1.8,BR,1680381188
447,codrington,-38.2667,141.9667,10.66,76,55,1.12,AU,1680381242
448,sargatskoye,55.6101,73.4972,-6.9,82,22,4.43,RU,1680381242
449,krasnogorskoye,52.2953,86.1979,-14.38,97,20,0.77,RU,1680381242
450,amta,22.58,88.0083,21.96,87,55,2.59,IN,1680381243
451,olafsvik,64.8945,-23.7142,2.76,96,71,10.78,IS,1680381017
452,zhuhai,22.2769,113.5678,21.88,94,40,4.63,CN,1680381243
453,lewistown,40.5992,-77.5714,16.75,51,75,8.23,US,1680381061
454,havelock,34.8791,-76.9013,23.87,87,100,8.23,US,1680381243
455,bilibino,68.0546,166.4372,-25.44,99,99,0.98,RU,1680381243
456,izmalkovo,52.6887,37.964,2.61,99,100,3.77,RU,1680381244
457,portel,-1.9356,-50.8211,24.23,96,92,1.77,BR,1680381244
458,lingyuan,41.24,119.4011,7.61,55,13,2.32,CN,1680381244
459,okhotsk,59.3833,143.3,-5.43,97,100,0.89,RU,1680381130
460,naryan-mar,67.6713,53.087,-12.64,96,87,3.48,RU,1680381244
461,nara,34.6851,135.8049,13.05,30,98,1.86,JP,1680381244
462,batagay-alyta,67.8006,130.4114,-33.65,89,5,2.88,RU,1680381245
463,gabu,12.2833,-14.2167,31.02,21,1,1.42,GW,1680381245
464,plerin,48.5425,-2.7798,10.25,94,100,5.66,FR,1680381099
465,banjar,-8.19,114.9675,24.72,90,100,1.99,ID,1680381245
466,williams lake,52.1415,-122.1445,3.76,44,75,2.57,CA,1680381245
467,shiliguri,26.7,88.4333,18.25,84,96,1.2,IN,1680381235
468,poum,-20.2333,164.0167,25.63,74,2,0.75,NC,1680381246
469,athabasca,54.7169,-113.2854,1.89,83,99,1.58,CA,1680381124
470,ende,-8.8432,121.6623,25.17,89,100,0.98,ID,1680381246
471,axim,4.8699,-2.2405,26.89,84,65,3.37,GH,1680381246
472,paulo afonso,-9.4061,-38.2147,28.32,40,100,2.74,BR,1680381247
473,bridgend,51.5058,-3.5772,9.62,86,28,3.13,GB,1680381247
474,bosaso,11.2842,49.1816,28.56,69,88,1.18,SO,1680381247
475,aklavik,68.2191,-135.0107,-15.0,56,20,1.03,CA,1680381247
476,port shepstone,-30.7414,30.455,22.52,84,100,1.62,ZA,1680381247
477,stromness,58.965,-3.296,4.93,80,20,5.36,GB,1680381248
478,katsuura,35.1333,140.3,14.01,72,100,6.55,JP,1680381248
479,yulara,-25.2406,130.9889,14.84,79,19,3.26,AU,1680381249
480,nombre de dios,23.85,-104.2333,26.75,13,97,0.59,MX,1680381249
481,talnakh,69.4865,88.3972,-8.77,94,100,8.47,RU,1680381249
482,bowling green,36.9903,-86.4436,16.41,38,0,6.17,US,1680381015
483,suez,29.9737,32.5263,15.88,49,0,2.19,EG,1680381250
484,sioux lookout,50.1001,-91.917,1.04,29,20,3.6,CA,1680381250
485,cam ranh,11.9214,109.1591,24.98,88,0,1.03,VN,1680381250
486,portland,45.5234,-122.6762,9.73,87,75,3.6,US,1680381213
487,gunjur,13.2019,-16.7339,26.04,83,52,4.12,GM,1680381250
488,sarangani,5.4033,125.4636,26.35,83,90,4.52,PH,1680381250
489,chapais,49.7834,-74.8492,-3.12,89,100,6.64,CA,1680381251
490,micheweni,-4.9667,39.8333,28.04,76,41,4.83,TZ,1680381251
491,kizilskoye,52.7255,58.8937,-1.59,90,28,0.94,RU,1680381251
492,chamrajnagar,11.9167,76.95,23.55,67,70,0.57,IN,1680381252
493,buala,-8.145,159.5921,27.04,77,100,0.71,SB,1680381252
494,taltal,-25.4,-70.4833,22.21,78,34,2.08,CL,1680381252
495,jalu,29.0331,21.5482,20.96,17,0,3.38,LY,1680381252
496,wuwei,37.9281,102.6414,0.99,89,100,0.82,CN,1680381253
497,ciudad bolivar,8.1222,-63.5497,31.91,44,86,6.43,VE,1680381253
498,marystown,47.1666,-55.1483,3.25,100,99,3.13,CA,1680381253
499,guarapari,-20.6667,-40.4975,24.97,85,98,0.82,BR,1680381201
500,awbari,26.5921,12.7805,21.14,12,0,4.32,LY,1680381253
501,verkhnevilyuysk,63.4453,120.3167,-23.78,98,49,2.43,RU,1680381253
502,bairiki,1.3292,172.9752,26.0,83,40,3.09,KI,1680381254
503,tilichiki,60.4667,166.1,-7.64,96,84,1.31,RU,1680381254
504,mushabani,22.5167,86.45,23.69,66,7,1.34,IN,1680381254
505,colares,38.7992,-9.4469,17.09,90,75,7.15,PT,1680381064
506,comodoro rivadavia,-45.8667,-67.5,22.92,21,0,11.83,AR,1680381255
507,chunskiy,56.0815,99.6342,-16.17,98,74,0.57,RU,1680381255
508,yeppoon,-23.1333,150.7333,18.88,89,100,5.64,AU,1680381255
509,garowe,8.4054,48.4845,27.31,61,10,5.73,SO,1680381255
510,la ronge,55.1001,-105.2842,-0.86,59,100,7.72,CA,1680381255
511,alberton,46.8168,-64.0654,2.07,97,100,9.71,CA,1680381256
512,sarakhs,36.5449,61.1577,12.53,65,33,6.83,IR,1680381256
513,saint-joseph,-21.3667,55.6167,25.21,83,29,4.5,RE,1680381256
514,skerries,53.5828,-6.1083,8.96,93,100,6.18,IE,1680381256
515,kerema,-7.9631,145.7785,25.29,84,81,1.6,PG,1680381257
516,ugoofaaru,5.6667,73.0,28.21,66,16,3.03,MV,1680381257
517,agirish,61.9247,63.0231,1.77,95,100,5.3,RU,1680381257
518,ayorou,14.7308,0.9174,29.72,8,70,4.1,NE,1680381257
519,orlik,52.5178,99.825,-23.36,98,94,0.49,RU,1680381257
520,leticia,-4.2153,-69.9406,29.03,79,40,3.09,CO,1680381258
521,puerto el triunfo,13.2833,-88.55,39.48,40,24,5.21,SV,1680381258
522,shankargarh,25.1833,81.6167,22.7,54,3,1.7,IN,1680381258
523,coahuayana,18.7333,-103.6833,32.06,33,93,3.75,MX,1680381258
524,mwanza,-2.5167,32.9,19.39,85,39,2.2,TZ,1680381258
525,safaga,26.7292,33.9365,19.72,42,0,6.46,EG,1680381259
526,teguldet,57.3064,88.1667,-14.4,96,40,1.59,RU,1680381259
527,hot springs,34.5037,-93.0552,21.63,41,0,4.12,US,1680380989
528,sovetskiy,61.3614,63.5842,2.99,93,100,5.46,RU,1680381259
529,bathsheba,13.2167,-59.5167,27.34,69,20,9.77,BB,1680381259
530,semnan,35.5729,53.3971,6.85,43,0,2.08,IR,1680381009
531,tieli,46.95,128.05,8.48,43,100,2.88,CN,1680381260
532,san policarpo,12.1791,125.5072,25.46,82,27,2.22,PH,1680381260
533,biratnagar,26.4831,87.2834,19.25,85,64,2.25,NP,1680381260
534,cayenne,4.9333,-52.3333,26.02,83,75,6.17,GF,1680381009
535,ouadda,8.0777,22.4007,24.19,16,94,2.64,CF,1680381261
536,shingu,33.7333,135.9833,13.79,81,100,4.36,JP,1680381261
537,santa vitoria do palmar,-33.5189,-53.3681,20.31,55,8,4.62,BR,1680380982
538,galle,6.0367,80.217,25.52,84,51,1.75,LK,1680381261
539,conway,35.0887,-92.4421,21.89,30,0,3.13,US,1680381044
540,balikpapan,-1.2675,116.8289,24.55,100,40,2.06,ID,1680381261
541,paramirim,-13.4425,-42.2389,27.71,32,4,2.49,BR,1680381261
542,wladyslawowo,54.7909,18.4009,3.3,82,100,8.68,PL,1680381262
543,nanchang,28.6833,115.8833,16.55,79,0,1.42,CN,1680381262
544,queanbeyan,-35.35,149.2333,10.89,92,50,2.01,AU,1680381076
545,japura,-0.3167,102.35,22.64,99,100,0.67,ID,1680381262
546,juneau,58.3019,-134.4197,4.56,85,75,4.12,US,1680381262
547,luxor,25.6989,32.6421,20.03,32,0,3.09,EG,1680381262
